"","Date","HeldInStorage","Levels","facility"
"1",2022-07-23,25902.333,51.8,"roma"
"2",2022-07-24,25874.953,51.7,"roma"
"3",2022-07-25,25847.069,51.7,"roma"
"4",2022-07-26,25821.342,51.6,"roma"
"5",2022-07-27,25797.75,51.6,"roma"
"6",2022-07-28,25773.048,51.5,"roma"
"7",2022-07-29,25747.601,51.5,"roma"
"8",2022-07-30,25721.584,51.4,"roma"
"9",2022-07-31,25696.309,51.4,"roma"
"10",2022-08-01,25669.414,51.3,"roma"
"11",2022-08-02,25642.772,51.3,"roma"
"12",2022-08-03,25619.189,51.2,"roma"
"13",2022-08-04,25594.546,51.2,"roma"
"14",2022-08-05,25571.478,51.1,"roma"
"15",2022-08-06,25548.303,51.1,"roma"
"16",2022-08-07,25522.524,51,"roma"
"17",2022-08-08,25500.107,51,"roma"
"18",2022-08-09,25473.277,50.9,"roma"
"19",2022-08-10,25448.142,50.9,"roma"
"20",2022-08-11,25422.562,50.8,"roma"
"21",2022-08-12,25397.116,50.8,"roma"
"22",2022-08-13,25371.754,50.7,"roma"
"23",2022-08-14,25348.605,50.7,"roma"
"24",2022-08-15,25325.4,50.7,"roma"
"25",2022-08-16,25318.42,50.6,"roma"
"26",2022-08-17,25295.304,50.6,"roma"
"27",2022-08-18,25276.013,50.6,"roma"
"28",2022-08-19,25245.316,50.5,"roma"
"29",2022-08-20,25220.56,50.4,"roma"
"30",2022-08-21,25196.068,50.4,"roma"
"31",2022-08-22,25171.281,50.3,"roma"
"32",2022-08-23,25144.442,50.3,"roma"
"33",2022-08-24,25117.856,50.2,"roma"
"34",2022-08-25,25090.894,50.2,"roma"
"35",2022-08-26,25064.437,50.1,"roma"
"36",2022-08-27,25037.632,50.1,"roma"
"37",2022-08-28,25010.133,50,"roma"
"38",2022-08-29,24982.502,50,"roma"
"39",2022-08-30,24965.241,49.9,"roma"
"40",2022-08-31,24961.943,49.9,"roma"
"41",2022-09-01,24937.053,49.9,"roma"
"42",2022-09-02,24912.654,49.8,"roma"
"43",2022-09-03,24888.207,49.8,"roma"
"44",2022-09-04,24865.361,49.7,"roma"
"45",2022-09-05,24840.777,49.7,"roma"
"46",2022-09-06,24816.524,49.6,"roma"
"47",2022-09-07,24792.456,49.6,"roma"
"48",2022-09-08,24768.911,49.5,"roma"
"49",2022-09-09,24747.562,49.5,"roma"
"50",2022-09-10,24726.285,49.5,"roma"
"51",2022-09-11,24697.329,49.4,"roma"
"52",2022-09-12,24673.243,49.3,"roma"
"53",2022-09-13,24649.483,49.3,"roma"
"54",2022-09-14,24625.793,49.3,"roma"
"55",2022-09-15,24602.486,49.2,"roma"
"56",2022-09-16,24579.062,49.2,"roma"
"57",2022-09-17,24554.562,49.1,"roma"
"58",2022-09-18,24531.653,49.1,"roma"
"59",2022-09-19,24509.081,49,"roma"
"60",2022-09-20,24488.295,49,"roma"
"61",2022-09-21,24466.987,48.9,"roma"
"62",2022-09-22,24446.211,48.9,"roma"
"63",2022-09-23,24425.558,48.9,"roma"
"64",2022-09-24,24404.944,48.8,"roma"
"65",2022-09-25,24385.814,48.8,"roma"
"66",2022-09-26,24365.297,48.7,"roma"
"67",2022-09-27,24345.629,48.7,"roma"
"68",2022-09-28,24325.288,48.7,"roma"
"69",2022-09-29,24304.99,48.6,"roma"
"70",2022-09-30,24284.75,48.6,"roma"
"71",2022-10-01,24264.505,48.5,"roma"
"72",2022-10-02,24244.352,48.5,"roma"
"73",2022-10-03,24238.889,48.5,"roma"
"74",2022-10-04,24227.024,48.5,"roma"
"75",2022-10-05,24206.803,48.4,"roma"
"76",2022-10-06,24186.556,48.4,"roma"
"77",2022-10-07,24166.625,48.3,"roma"
"78",2022-10-08,24142.774,48.3,"roma"
"79",2022-10-09,24096.161,48.2,"roma"
"80",2022-10-10,24069.916,48.1,"roma"
"81",2022-10-11,24041.629,48.1,"roma"
"82",2022-10-12,24013.406,48,"roma"
"83",2022-10-13,23985.982,48,"roma"
"84",2022-10-14,23961.489,47.9,"roma"
"85",2022-10-15,23938.135,47.9,"roma"
"86",2022-10-16,23912.232,47.8,"roma"
"87",2022-10-17,23889.361,47.8,"roma"
"88",2022-10-18,23881.023,47.8,"roma"
"89",2022-10-19,23860.381,47.7,"roma"
"90",2022-10-20,23834.432,47.7,"roma"
"91",2022-10-21,23808.618,47.6,"roma"
"92",2022-10-22,23783.095,47.6,"roma"
"93",2022-10-23,23757.823,47.5,"roma"
"94",2022-10-24,23732.945,47.5,"roma"
"95",2022-10-25,23713.826,47.4,"roma"
"96",2022-10-26,23694.257,47.4,"roma"
"97",2022-10-27,23660.712,47.3,"roma"
"98",2022-10-28,23636.366,47.3,"roma"
"99",2022-10-29,23612.219,47.2,"roma"
"100",2022-10-30,23588.341,47.2,"roma"
"101",2022-10-31,23554.263,47.1,"roma"
"102",2022-11-01,23530.246,47.1,"roma"
"103",2022-11-02,23557.176,47.1,"roma"
"104",2022-11-03,23526.254,47.1,"roma"
"105",2022-11-04,23501.12,47,"roma"
"106",2022-11-05,23476.859,47,"roma"
"107",2022-11-06,23453.311,46.9,"roma"
"108",2022-11-07,23430.242,46.9,"roma"
"109",2022-11-08,23408.052,46.8,"roma"
"110",2022-11-09,23386.355,46.8,"roma"
"111",2022-11-10,23377.108,46.8,"roma"
"112",2022-11-11,23353.05,46.7,"roma"
"113",2022-11-12,23329.556,46.7,"roma"
"114",2022-11-13,23306.165,46.6,"roma"
"115",2022-11-14,23282.908,46.6,"roma"
"116",2022-11-15,23271.856,46.5,"roma"
"117",2022-11-16,23263.048,46.5,"roma"
"118",2022-11-17,23254.114,46.5,"roma"
"119",2022-11-18,23245.408,46.5,"roma"
"120",2022-11-19,23236.965,46.5,"roma"
"121",2022-11-20,23228.483,46.5,"roma"
"122",2022-11-21,23219.718,46.4,"roma"
"123",2022-11-22,23210.969,46.4,"roma"
"124",2022-11-23,23202.232,46.4,"roma"
"125",2022-11-24,23193.908,46.4,"roma"
"126",2022-11-25,23193.908,46.4,"roma"
"127",2022-11-26,23193.908,46.4,"roma"
"128",2022-11-27,23193.908,46.4,"roma"
"129",2022-11-28,23193.908,46.4,"roma"
"130",2022-11-29,23193.908,46.4,"roma"
"131",2022-11-30,23193.908,46.4,"roma"
"132",2022-12-01,23193.908,46.4,"roma"
"133",2022-12-02,23193.908,46.4,"roma"
"134",2022-12-03,23193.908,46.4,"roma"
"135",2022-12-04,23193.908,46.4,"roma"
"136",2022-12-05,23193.908,46.4,"roma"
"137",2022-12-06,23193.908,46.4,"roma"
"138",2022-12-07,23213.389,46.4,"roma"
"139",2022-12-08,23211.451,46.4,"roma"
"140",2022-12-09,23255.531,46.5,"roma"
"141",2022-12-10,23315.666,46.6,"roma"
"142",2022-12-11,23376.68,46.8,"roma"
"143",2022-12-12,23426.71,46.9,"roma"
"144",2022-12-13,23453.554,46.9,"roma"
"145",2022-12-14,23430.923,46.9,"roma"
"146",2022-12-15,23406.704,46.8,"roma"
"147",2022-12-16,23382.794,46.8,"roma"
"148",2022-12-17,23373.754,46.7,"roma"
"149",2022-12-18,23373.799,46.7,"roma"
"150",2022-12-19,23373.742,46.7,"roma"
"151",2022-12-20,23358.269,46.7,"roma"
"152",2022-12-21,23335.735,46.7,"roma"
"153",2022-12-22,23313.337,46.6,"roma"
"154",2022-12-23,23290.684,46.6,"roma"
"155",2022-12-24,23266.551,46.5,"roma"
"156",2022-12-25,23244.475,46.5,"roma"
"157",2022-12-26,23220.126,46.4,"roma"
"158",2022-12-27,23196.8,46.4,"roma"
"159",2022-12-28,23173.31,46.3,"roma"
"160",2022-12-29,23150.199,46.3,"roma"
"161",2022-12-30,23127.519,46.3,"roma"
"162",2022-12-31,23106.056,46.2,"roma"
"163",2023-01-01,23084.551,46.2,"roma"
"164",2023-01-02,23063.046,46.1,"roma"
"165",2023-01-03,23042.607,46.1,"roma"
"166",2023-01-04,23021.817,46,"roma"
"167",2023-01-05,23031.077,46.1,"roma"
"168",2023-01-06,23081.836,46.2,"roma"
"169",2023-01-07,23187.014,46.4,"roma"
"170",2023-01-08,23186.259,46.4,"roma"
"171",2023-01-09,23186.259,46.4,"roma"
"172",2023-01-10,23171.098,46.3,"roma"
"173",2023-01-11,23145.881,46.3,"roma"
"174",2023-01-12,23124.631,46.2,"roma"
"175",2023-01-13,23102.773,46.2,"roma"
"176",2023-01-14,23081.419,46.2,"roma"
"177",2023-01-15,23076.038,46.2,"roma"
"178",2023-01-16,23049.534,46.1,"roma"
"179",2023-01-17,23026.263,46.1,"roma"
"180",2023-01-18,23004.872,46,"roma"
"181",2023-01-19,22978.479,46,"roma"
"182",2023-01-20,22954.652,45.9,"roma"
"183",2023-01-21,22927.556,45.9,"roma"
"184",2023-01-22,22905.151,45.8,"roma"
"185",2023-01-23,22882.213,45.8,"roma"
"186",2023-01-24,22859.48,45.7,"roma"
"187",2023-01-25,22836.263,45.7,"roma"
"188",2023-01-26,22813.737,45.6,"roma"
"189",2023-01-27,22789.001,45.6,"roma"
"190",2023-01-28,22764.852,45.5,"roma"
"191",2023-01-29,22741.144,45.5,"roma"
"192",2023-01-30,22717.676,45.4,"roma"
"193",2023-01-31,22696.2,45.4,"roma"
"194",2023-02-01,22722.117,45.4,"roma"
"195",2023-02-02,22722.551,45.4,"roma"
"196",2023-02-03,22722.989,45.4,"roma"
"197",2023-02-04,22701.745,45.4,"roma"
"198",2023-02-05,22676.568,45.4,"roma"
"199",2023-02-06,22653.553,45.3,"roma"
"200",2023-02-07,22632.34,45.3,"roma"
"201",2023-02-08,22611.461,45.2,"roma"
"202",2023-02-09,22590.772,45.2,"roma"
"203",2023-02-10,22570.491,45.1,"roma"
"204",2023-02-11,22550.476,45.1,"roma"
"205",2023-02-12,22529.2,45.1,"roma"
"206",2023-02-13,22517.498,45,"roma"
"207",2023-02-14,22495.458,45,"roma"
"208",2023-02-15,22474.165,44.9,"roma"
"209",2023-02-16,22453.16,44.9,"roma"
"210",2023-02-17,22431.86,44.9,"roma"
"211",2023-02-18,22412.316,44.8,"roma"
"212",2023-02-19,22392.614,44.8,"roma"
"213",2023-02-20,22376.827,44.8,"roma"
"214",2023-02-21,22358.602,44.7,"roma"
"215",2023-02-22,22339.143,44.7,"roma"
"216",2023-02-23,22378.237,44.8,"roma"
"217",2023-02-24,22463.273,44.9,"roma"
"218",2023-02-25,22557.666,45.1,"roma"
"219",2023-02-26,22652.138,45.3,"roma"
"220",2023-02-27,22746.657,45.5,"roma"
"221",2023-02-28,22841.263,45.7,"roma"
"222",2023-03-01,22909.952,45.8,"roma"
"223",2023-03-02,23008.895,46,"roma"
"224",2023-03-03,23116.85,46.2,"roma"
"225",2023-03-04,23226.485,46.5,"roma"
"226",2023-03-05,23335.558,46.7,"roma"
"227",2023-03-06,23444.261,46.9,"roma"
"228",2023-03-07,23552.504,47.1,"roma"
"229",2023-03-08,23660.36,47.3,"roma"
"230",2023-03-09,23767.864,47.5,"roma"
"231",2023-03-10,23875.168,47.8,"roma"
"232",2023-03-11,23979.287,48,"roma"
"233",2023-03-12,24079.775,48.2,"roma"
"234",2023-03-13,24184.044,48.4,"roma"
"235",2023-03-14,24289.886,48.6,"roma"
"236",2023-03-15,24395.189,48.8,"roma"
"237",2023-03-16,24500.079,49,"roma"
"238",2023-03-17,24589.404,49.2,"roma"
"239",2023-03-18,24693.22,49.4,"roma"
"240",2023-03-19,24796.066,49.6,"roma"
"241",2023-03-20,24833.543,49.7,"roma"
"242",2023-03-21,24875.335,49.8,"roma"
"243",2023-03-22,24979.098,50,"roma"
"244",2023-03-23,25073.448,50.1,"roma"
"245",2023-03-24,25167.902,50.3,"roma"
"246",2023-03-25,25235.86,50.5,"roma"
"247",2023-03-26,25302.01,50.6,"roma"
"248",2023-03-27,25342.35,50.7,"roma"
"249",2023-03-28,25427.852,50.9,"roma"
"250",2023-03-29,25528.126,51.1,"roma"
"251",2023-03-30,25587.064,51.2,"roma"
"252",2023-03-31,25564.673,51.1,"roma"
"253",2023-04-01,25564.673,51.1,"roma"
"254",2023-04-02,25528.677,51.1,"roma"
"255",2023-04-03,25491.611,51,"roma"
"256",2023-04-04,25456.798,50.9,"roma"
"257",2023-04-05,25524.723,51,"roma"
"258",2023-04-06,25613.076,51.2,"roma"
"259",2023-04-07,25578.264,51.2,"roma"
"260",2023-04-08,25542.495,51.1,"roma"
"261",2023-04-09,25507.038,51,"roma"
"262",2023-04-10,25462.99,50.9,"roma"
"263",2023-04-11,25429.66,50.9,"roma"
"264",2023-04-12,25394.591,50.8,"roma"
"265",2023-04-13,25359.319,50.7,"roma"
"266",2023-04-14,25316.248,50.6,"roma"
"267",2023-04-15,25265.365,50.5,"roma"
"268",2023-04-16,25216.659,50.4,"roma"
"269",2023-04-17,25168.132,50.3,"roma"
"270",2023-04-18,25081.827,50.2,"roma"
"271",2023-04-19,25037.5,50.1,"roma"
"272",2023-04-20,25013.752,50,"roma"
"273",2023-04-21,24989.261,50,"roma"
"274",2023-04-22,24988.441,50,"roma"
"275",2023-04-23,24988.438,50,"roma"
"276",2023-04-24,24890.606,49.8,"roma"
"277",2023-04-25,24890.606,49.8,"roma"
"278",2023-04-26,24941.169,49.9,"roma"
"279",2023-04-27,25006.028,50,"roma"
"280",2023-04-28,25079.696,50.2,"roma"
"281",2023-04-29,25032.77,50.1,"roma"
"282",2023-04-30,24994.742,50,"roma"
"283",2023-05-01,24948.629,49.9,"roma"
"284",2023-05-02,24901.816,49.8,"roma"
"285",2023-05-03,24900.053,49.8,"roma"
"286",2023-05-04,24894.684,49.8,"roma"
"287",2023-05-05,24889.303,49.8,"roma"
"288",2023-05-06,24850.217,49.7,"roma"
"289",2023-05-07,24804.314,49.6,"roma"
"290",2023-05-08,24757.643,49.5,"roma"
"291",2023-05-09,24708.01,49.4,"roma"
"292",2023-05-10,24664.421,49.3,"roma"
"293",2023-05-11,24619.224,49.2,"roma"
"294",2023-05-12,24574.924,49.1,"roma"
"295",2023-05-13,24532.66,49.1,"roma"
"296",2023-05-14,24488.465,49,"roma"
"297",2023-05-15,24445.232,48.9,"roma"
"298",2023-05-16,24402.877,48.8,"roma"
"299",2023-05-17,24360.525,48.7,"roma"
"300",2023-05-18,24318.21,48.6,"roma"
"301",2023-05-19,24277.117,48.6,"roma"
"302",2023-05-20,24236.61,48.5,"roma"
"303",2023-05-21,24197.377,48.4,"roma"
"304",2023-05-22,24158.761,48.3,"roma"
"305",2023-05-23,24119.759,48.2,"roma"
"306",2023-05-24,24081.371,48.2,"roma"
"307",2023-05-25,24046.544,48.1,"roma"
"308",2023-05-26,24008.87,48,"roma"
"309",2023-05-27,23971.371,47.9,"roma"
"310",2023-05-28,23934.765,47.9,"roma"
"311",2023-05-29,23898.886,47.8,"roma"
"312",2023-05-30,23863.021,47.7,"roma"
"313",2023-05-31,23923.884,47.8,"roma"
"314",2023-06-01,23995.275,48,"roma"
"315",2023-06-02,24086.603,48.2,"roma"
"316",2023-06-03,24178.019,48.4,"roma"
"317",2023-06-04,24269.391,48.5,"roma"
"318",2023-06-05,24340.738,48.7,"roma"
"319",2023-06-06,24410.765,48.8,"roma"
"320",2023-06-07,24507.247,49,"roma"
"321",2023-06-08,24618.528,49.2,"roma"
"322",2023-06-09,24728.938,49.5,"roma"
"323",2023-06-10,24838.765,49.7,"roma"
"324",2023-06-11,24948.191,49.9,"roma"
"325",2023-06-12,25057.138,50.1,"roma"
"326",2023-06-13,25165.629,50.3,"roma"
"327",2023-06-14,25273.47,50.5,"roma"
"328",2023-06-15,25380.876,50.8,"roma"
"329",2023-06-16,25487.76,51,"roma"
"330",2023-06-17,25594.248,51.2,"roma"
"331",2023-06-18,25678.338,51.4,"roma"
"332",2023-06-19,25782.983,51.6,"roma"
"333",2023-06-20,25888.757,51.8,"roma"
"334",2023-06-21,25994.534,52,"roma"
"335",2023-06-22,26099.896,52.2,"roma"
"336",2023-06-23,26204.723,52.4,"roma"
"337",2023-06-24,26309.14,52.6,"roma"
"338",2023-06-25,26406.028,52.8,"roma"
"339",2023-06-26,26404.405,52.8,"roma"
"340",2023-06-27,26401.696,52.8,"roma"
"341",2023-06-28,26443.395,52.9,"roma"
"342",2023-06-29,26545.385,53.1,"roma"
"343",2023-06-30,26645.769,53.3,"roma"
"344",2023-07-01,26745.548,53.5,"roma"
"345",2023-07-02,26844.805,53.7,"roma"
"346",2023-07-03,26944.383,53.9,"roma"
"347",2023-07-04,27043.03,54.1,"roma"
"348",2023-07-05,27140.817,54.3,"roma"
"349",2023-07-06,27237.968,54.5,"roma"
"350",2023-07-07,27334.126,54.7,"roma"
"351",2023-07-08,27429.132,54.9,"roma"
"352",2023-07-09,27523.681,55,"roma"
"353",2023-07-10,27617.203,55.2,"roma"
"354",2023-07-11,27711.442,55.4,"roma"
"355",2023-07-12,27712.369,55.4,"roma"
"356",2023-07-13,27712.369,55.4,"roma"
"357",2023-07-14,27712.369,55.4,"roma"
"358",2023-07-15,27712.369,55.4,"roma"
"359",2023-07-16,27712.369,55.4,"roma"
"360",2023-07-17,27712.369,55.4,"roma"
"361",2023-07-18,27715.799,55.4,"roma"
"362",2023-07-19,27720.361,55.4,"roma"
"363",2023-07-20,27720.361,55.4,"roma"
"364",2023-07-21,27720.361,55.4,"roma"
"365",2023-07-22,27720.361,55.4,"roma"
"366",2022-07-23,9681.629,37.2,"iona"
"367",2022-07-24,9832.825,37.8,"iona"
"368",2022-07-25,9900.458,38.1,"iona"
"369",2022-07-26,9928.108,38.2,"iona"
"370",2022-07-27,10000.253,38.5,"iona"
"371",2022-07-28,10015.799,38.5,"iona"
"372",2022-07-29,9977.993,38.4,"iona"
"373",2022-07-30,9994.127,38.4,"iona"
"374",2022-07-31,10126.755,38.9,"iona"
"375",2022-08-01,10210.683,39.3,"iona"
"376",2022-08-02,10334.309,39.7,"iona"
"377",2022-08-03,10505.474,40.4,"iona"
"378",2022-08-04,10687.071,41.1,"iona"
"379",2022-08-05,10832.509,41.7,"iona"
"380",2022-08-06,10926.867,42,"iona"
"381",2022-08-07,10982.121,42.2,"iona"
"382",2022-08-08,10881.25,41.9,"iona"
"383",2022-08-09,10815.766,41.6,"iona"
"384",2022-08-10,10795.054,41.5,"iona"
"385",2022-08-11,10867.433,41.8,"iona"
"386",2022-08-12,10903.575,41.9,"iona"
"387",2022-08-13,11018.559,42.4,"iona"
"388",2022-08-14,11142.671,42.9,"iona"
"389",2022-08-15,11254.548,43.3,"iona"
"390",2022-08-16,11311.382,43.5,"iona"
"391",2022-08-17,11430.794,44,"iona"
"392",2022-08-18,11551.166,44.4,"iona"
"393",2022-08-19,11678.952,44.9,"iona"
"394",2022-08-20,11713.545,45.1,"iona"
"395",2022-08-21,11801.099,45.4,"iona"
"396",2022-08-22,11847.963,45.6,"iona"
"397",2022-08-23,11846.112,45.6,"iona"
"398",2022-08-24,11769.895,45.3,"iona"
"399",2022-08-25,11622.309,44.7,"iona"
"400",2022-08-26,11634.955,44.7,"iona"
"401",2022-08-27,11728.806,45.1,"iona"
"402",2022-08-28,11863.924,45.6,"iona"
"403",2022-08-29,12007.001,46.2,"iona"
"404",2022-08-30,12123.774,46.6,"iona"
"405",2022-08-31,12207.728,47,"iona"
"406",2022-09-01,12288.874,47.3,"iona"
"407",2022-09-02,12311.629,47.4,"iona"
"408",2022-09-03,12308.89,47.3,"iona"
"409",2022-09-04,12164.788,46.8,"iona"
"410",2022-09-05,12049.329,46.3,"iona"
"411",2022-09-06,11886.834,45.7,"iona"
"412",2022-09-07,11841.187,45.5,"iona"
"413",2022-09-08,11775.361,45.3,"iona"
"414",2022-09-09,11772.611,45.3,"iona"
"415",2022-09-10,11702.29,45,"iona"
"416",2022-09-11,11564.307,44.5,"iona"
"417",2022-09-12,11326.237,43.6,"iona"
"418",2022-09-13,11056.176,42.5,"iona"
"419",2022-09-14,10923.823,42,"iona"
"420",2022-09-15,10859.341,41.8,"iona"
"421",2022-09-16,10688.828,41.1,"iona"
"422",2022-09-17,10548.286,40.6,"iona"
"423",2022-09-18,10479.424,40.3,"iona"
"424",2022-09-19,10471.097,40.3,"iona"
"425",2022-09-20,10597.718,40.8,"iona"
"426",2022-09-21,10733.029,41.3,"iona"
"427",2022-09-22,10885.452,41.9,"iona"
"428",2022-09-23,11027.419,42.4,"iona"
"429",2022-09-24,11148.914,42.9,"iona"
"430",2022-09-25,11303.573,43.5,"iona"
"431",2022-09-26,11429.276,44,"iona"
"432",2022-09-27,11541.899,44.4,"iona"
"433",2022-09-28,11640.26,44.8,"iona"
"434",2022-09-29,11745.013,45.2,"iona"
"435",2022-09-30,11888.488,45.7,"iona"
"436",2022-10-01,12012.484,46.2,"iona"
"437",2022-10-02,12131.937,46.7,"iona"
"438",2022-10-03,12280.982,47.2,"iona"
"439",2022-10-04,12420.733,47.8,"iona"
"440",2022-10-05,12465.293,47.9,"iona"
"441",2022-10-06,12533.239,48.2,"iona"
"442",2022-10-07,12517.904,48.1,"iona"
"443",2022-10-08,12504.95,48.1,"iona"
"444",2022-10-09,12374.617,47.6,"iona"
"445",2022-10-10,12290.721,47.3,"iona"
"446",2022-10-11,12346.417,47.5,"iona"
"447",2022-10-12,12414.72,47.7,"iona"
"448",2022-10-13,12448.567,47.9,"iona"
"449",2022-10-14,12450.023,47.9,"iona"
"450",2022-10-15,12521.176,48.2,"iona"
"451",2022-10-16,12596.633,48.4,"iona"
"452",2022-10-17,12658.716,48.7,"iona"
"453",2022-10-18,12817.673,49.3,"iona"
"454",2022-10-19,13031.209,50.1,"iona"
"455",2022-10-20,13243.409,50.9,"iona"
"456",2022-10-21,13432.844,51.7,"iona"
"457",2022-10-22,13622.909,52.4,"iona"
"458",2022-10-23,13752.924,52.9,"iona"
"459",2022-10-24,13872.623,53.4,"iona"
"460",2022-10-25,13987.298,53.8,"iona"
"461",2022-10-26,14093.615,54.2,"iona"
"462",2022-10-27,14147.393,54.4,"iona"
"463",2022-10-28,14121.043,54.3,"iona"
"464",2022-10-29,14175.246,54.5,"iona"
"465",2022-10-30,14283.529,54.9,"iona"
"466",2022-10-31,14375.922,55.3,"iona"
"467",2022-11-01,14302.288,55,"iona"
"468",2022-11-02,14169.395,54.5,"iona"
"469",2022-11-03,14109.862,54.3,"iona"
"470",2022-11-04,14201.221,54.6,"iona"
"471",2022-11-05,14336.465,55.1,"iona"
"472",2022-11-06,14455.25,55.6,"iona"
"473",2022-11-07,14455.084,55.6,"iona"
"474",2022-11-08,14455.084,55.6,"iona"
"475",2022-11-09,14455.084,55.6,"iona"
"476",2022-11-10,14455.084,55.6,"iona"
"477",2022-11-11,14455.084,55.6,"iona"
"478",2022-11-12,14455.084,55.6,"iona"
"479",2022-11-13,14455.084,55.6,"iona"
"480",2022-11-14,14455.084,55.6,"iona"
"481",2022-11-15,14455.084,55.6,"iona"
"482",2022-11-16,14455.084,55.6,"iona"
"483",2022-11-17,14455.084,55.6,"iona"
"484",2022-11-18,14455.084,55.6,"iona"
"485",2022-11-19,14455.084,55.6,"iona"
"486",2022-11-20,14455.084,55.6,"iona"
"487",2022-11-21,14455.084,55.6,"iona"
"488",2022-11-22,14455.084,55.6,"iona"
"489",2022-11-23,14455.084,55.6,"iona"
"490",2022-11-24,14455.084,55.6,"iona"
"491",2022-11-25,14455.084,55.6,"iona"
"492",2022-11-26,14455.083,55.6,"iona"
"493",2022-11-27,14455.072,55.6,"iona"
"494",2022-11-28,14455.019,55.6,"iona"
"495",2022-11-29,14453.843,55.6,"iona"
"496",2022-11-30,14480.051,55.7,"iona"
"497",2022-12-01,14492.878,55.7,"iona"
"498",2022-12-02,14464.121,55.6,"iona"
"499",2022-12-03,14482.493,55.7,"iona"
"500",2022-12-04,14495.38,55.8,"iona"
"501",2022-12-05,14512.446,55.8,"iona"
"502",2022-12-06,14472.699,55.7,"iona"
"503",2022-12-07,14462.737,55.6,"iona"
"504",2022-12-08,14464.958,55.6,"iona"
"505",2022-12-09,14653.869,56.4,"iona"
"506",2022-12-10,14836.257,57.1,"iona"
"507",2022-12-11,15027.674,57.8,"iona"
"508",2022-12-12,15213.822,58.5,"iona"
"509",2022-12-13,15371.577,59.1,"iona"
"510",2022-12-14,15474.754,59.5,"iona"
"511",2022-12-15,15621.376,60.1,"iona"
"512",2022-12-16,15766.487,60.6,"iona"
"513",2022-12-17,15916.068,61.2,"iona"
"514",2022-12-18,16062.399,61.8,"iona"
"515",2022-12-19,16208.566,62.3,"iona"
"516",2022-12-20,16357.796,62.9,"iona"
"517",2022-12-21,16495.619,63.4,"iona"
"518",2022-12-22,16659.015,64.1,"iona"
"519",2022-12-23,16814.682,64.7,"iona"
"520",2022-12-24,16951.849,65.2,"iona"
"521",2022-12-25,17073.186,65.7,"iona"
"522",2022-12-26,17223.481,66.2,"iona"
"523",2022-12-27,17429.138,67,"iona"
"524",2022-12-28,17623.214,67.8,"iona"
"525",2022-12-29,17808.805,68.5,"iona"
"526",2022-12-30,17997.23,69.2,"iona"
"527",2022-12-31,18192.793,70,"iona"
"528",2023-01-01,18372.557,70.7,"iona"
"529",2023-01-02,18561.66,71.4,"iona"
"530",2023-01-03,18719.356,72,"iona"
"531",2023-01-04,18874.515,72.6,"iona"
"532",2023-01-05,19024.385,73.2,"iona"
"533",2023-01-06,19192.183,73.8,"iona"
"534",2023-01-07,19339.159,74.4,"iona"
"535",2023-01-08,19466.347,74.9,"iona"
"536",2023-01-09,19592.726,75.4,"iona"
"537",2023-01-10,19700.722,75.8,"iona"
"538",2023-01-11,19729.717,75.9,"iona"
"539",2023-01-12,19824.396,76.2,"iona"
"540",2023-01-13,19902.366,76.5,"iona"
"541",2023-01-14,20014.277,77,"iona"
"542",2023-01-15,20141.47,77.5,"iona"
"543",2023-01-16,20230.431,77.8,"iona"
"544",2023-01-17,20285.673,78,"iona"
"545",2023-01-18,20329.29,78.2,"iona"
"546",2023-01-19,20385.912,78.4,"iona"
"547",2023-01-20,20470.322,78.7,"iona"
"548",2023-01-21,20557.3,79.1,"iona"
"549",2023-01-22,20640.289,79.4,"iona"
"550",2023-01-23,20724.381,79.7,"iona"
"551",2023-01-24,20798.254,80,"iona"
"552",2023-01-25,20877.8,80.3,"iona"
"553",2023-01-26,20958.576,80.6,"iona"
"554",2023-01-27,21031.329,80.9,"iona"
"555",2023-01-28,21058.97,81,"iona"
"556",2023-01-29,21054.633,81,"iona"
"557",2023-01-30,21035.742,80.9,"iona"
"558",2023-01-31,21050.061,81,"iona"
"559",2023-02-01,21090.67,81.1,"iona"
"560",2023-02-02,21094.35,81.1,"iona"
"561",2023-02-03,21107.28,81.2,"iona"
"562",2023-02-04,21214.352,81.6,"iona"
"563",2023-02-05,21338.334,82.1,"iona"
"564",2023-02-06,21434.487,82.4,"iona"
"565",2023-02-07,21550.668,82.9,"iona"
"566",2023-02-08,21674.084,83.4,"iona"
"567",2023-02-09,21709.087,83.5,"iona"
"568",2023-02-10,21785.838,83.8,"iona"
"569",2023-02-11,21892.927,84.2,"iona"
"570",2023-02-12,22005.576,84.6,"iona"
"571",2023-02-13,22113.74,85.1,"iona"
"572",2023-02-14,22208.245,85.4,"iona"
"573",2023-02-15,22208.67,85.4,"iona"
"574",2023-02-16,22131.418,85.1,"iona"
"575",2023-02-17,22061.466,84.9,"iona"
"576",2023-02-18,22059.656,84.8,"iona"
"577",2023-02-19,22064.713,84.9,"iona"
"578",2023-02-20,22008.247,84.6,"iona"
"579",2023-02-21,21976.881,84.5,"iona"
"580",2023-02-22,21911.278,84.3,"iona"
"581",2023-02-23,21944.328,84.4,"iona"
"582",2023-02-24,22064.915,84.9,"iona"
"583",2023-02-25,22163.178,85.2,"iona"
"584",2023-02-26,22252.447,85.6,"iona"
"585",2023-02-27,22351.566,86,"iona"
"586",2023-02-28,22457.119,86.4,"iona"
"587",2023-03-01,22580.181,86.8,"iona"
"588",2023-03-02,22713.002,87.4,"iona"
"589",2023-03-03,22826.408,87.8,"iona"
"590",2023-03-04,22919.178,88.2,"iona"
"591",2023-03-05,23012.18,88.5,"iona"
"592",2023-03-06,23090.967,88.8,"iona"
"593",2023-03-07,23162.962,89.1,"iona"
"594",2023-03-08,23222.53,89.3,"iona"
"595",2023-03-09,23285.265,89.6,"iona"
"596",2023-03-10,23352.254,89.8,"iona"
"597",2023-03-11,23461.521,90.2,"iona"
"598",2023-03-12,23537.801,90.5,"iona"
"599",2023-03-13,23616.687,90.8,"iona"
"600",2023-03-14,23687.649,91.1,"iona"
"601",2023-03-15,23710.081,91.2,"iona"
"602",2023-03-16,23748.737,91.3,"iona"
"603",2023-03-17,23818.058,91.6,"iona"
"604",2023-03-18,23914.378,92,"iona"
"605",2023-03-19,23999.424,92.3,"iona"
"606",2023-03-20,24094.223,92.7,"iona"
"607",2023-03-21,24169.117,93,"iona"
"608",2023-03-22,24246.191,93.3,"iona"
"609",2023-03-23,24342.551,93.6,"iona"
"610",2023-03-24,24422.678,93.9,"iona"
"611",2023-03-25,24520.408,94.3,"iona"
"612",2023-03-26,24603.429,94.6,"iona"
"613",2023-03-27,24586.486,94.6,"iona"
"614",2023-03-28,24525.939,94.3,"iona"
"615",2023-03-29,24539.42,94.4,"iona"
"616",2023-03-30,24452.251,94,"iona"
"617",2023-03-31,24433.628,94,"iona"
"618",2023-04-01,24483.95,94.2,"iona"
"619",2023-04-02,24546.821,94.4,"iona"
"620",2023-04-03,24603.881,94.6,"iona"
"621",2023-04-04,24686.837,94.9,"iona"
"622",2023-04-05,24757.845,95.2,"iona"
"623",2023-04-06,24841.025,95.5,"iona"
"624",2023-04-07,24929.568,95.9,"iona"
"625",2023-04-08,25033.304,96.3,"iona"
"626",2023-04-09,25120.167,96.6,"iona"
"627",2023-04-10,25150.533,96.7,"iona"
"628",2023-04-11,25176.091,96.8,"iona"
"629",2023-04-12,25175.359,96.8,"iona"
"630",2023-04-13,25171.674,96.8,"iona"
"631",2023-04-14,25194.9,96.9,"iona"
"632",2023-04-15,25183.84,96.9,"iona"
"633",2023-04-16,25082.204,96.5,"iona"
"634",2023-04-17,25030.334,96.3,"iona"
"635",2023-04-18,25081.174,96.5,"iona"
"636",2023-04-19,24987.987,96.1,"iona"
"637",2023-04-20,24944.526,95.9,"iona"
"638",2023-04-21,24896.671,95.8,"iona"
"639",2023-04-22,24883.211,95.7,"iona"
"640",2023-04-23,24911.955,95.8,"iona"
"641",2023-04-24,24960.975,96,"iona"
"642",2023-04-25,25042.304,96.3,"iona"
"643",2023-04-26,25076.732,96.4,"iona"
"644",2023-04-27,25055.06,96.4,"iona"
"645",2023-04-28,24981.991,96.1,"iona"
"646",2023-04-29,24914.697,95.8,"iona"
"647",2023-04-30,24744.251,95.2,"iona"
"648",2023-05-01,24543.766,94.4,"iona"
"649",2023-05-02,24502.647,94.2,"iona"
"650",2023-05-03,24499.16,94.2,"iona"
"651",2023-05-04,24502.388,94.2,"iona"
"652",2023-05-05,24432.908,94,"iona"
"653",2023-05-06,24275.059,93.4,"iona"
"654",2023-05-07,24088.759,92.6,"iona"
"655",2023-05-08,23845.996,91.7,"iona"
"656",2023-05-09,23635.289,90.9,"iona"
"657",2023-05-10,23471.5,90.3,"iona"
"658",2023-05-11,23410.887,90,"iona"
"659",2023-05-12,23431.083,90.1,"iona"
"660",2023-05-13,23575.735,90.7,"iona"
"661",2023-05-14,23720.894,91.2,"iona"
"662",2023-05-15,23846.838,91.7,"iona"
"663",2023-05-16,23826.395,91.6,"iona"
"664",2023-05-17,23744.716,91.3,"iona"
"665",2023-05-18,23618.467,90.8,"iona"
"666",2023-05-19,23522.672,90.5,"iona"
"667",2023-05-20,23538.392,90.5,"iona"
"668",2023-05-21,23485.211,90.3,"iona"
"669",2023-05-22,23336.127,89.8,"iona"
"670",2023-05-23,23167.606,89.1,"iona"
"671",2023-05-24,23090.687,88.8,"iona"
"672",2023-05-25,23039.863,88.6,"iona"
"673",2023-05-26,22962.009,88.3,"iona"
"674",2023-05-27,22990.193,88.4,"iona"
"675",2023-05-28,23016.125,88.5,"iona"
"676",2023-05-29,23042.538,88.6,"iona"
"677",2023-05-30,23156.185,89.1,"iona"
"678",2023-05-31,23258.079,89.5,"iona"
"679",2023-06-01,23387.44,90,"iona"
"680",2023-06-02,23431.82,90.1,"iona"
"681",2023-06-03,23528.343,90.5,"iona"
"682",2023-06-04,23629.363,90.9,"iona"
"683",2023-06-05,23745.642,91.3,"iona"
"684",2023-06-06,23883.101,91.9,"iona"
"685",2023-06-07,24000.629,92.3,"iona"
"686",2023-06-08,24128.249,92.8,"iona"
"687",2023-06-09,24191.339,93,"iona"
"688",2023-06-10,24258.086,93.3,"iona"
"689",2023-06-11,24317.37,93.5,"iona"
"690",2023-06-12,24389.748,93.8,"iona"
"691",2023-06-13,24409.574,93.9,"iona"
"692",2023-06-14,24431.464,94,"iona"
"693",2023-06-15,24436.856,94,"iona"
"694",2023-06-16,24498.17,94.2,"iona"
"695",2023-06-17,24528.849,94.3,"iona"
"696",2023-06-18,24509.361,94.3,"iona"
"697",2023-06-19,24293.44,93.4,"iona"
"698",2023-06-20,23929.482,92,"iona"
"699",2023-06-21,23562.759,90.6,"iona"
"700",2023-06-22,23369.026,89.9,"iona"
"701",2023-06-23,23258.142,89.5,"iona"
"702",2023-06-24,23328.458,89.7,"iona"
"703",2023-06-25,23349.828,89.8,"iona"
"704",2023-06-26,23279.884,89.5,"iona"
"705",2023-06-27,23133.139,89,"iona"
"706",2023-06-28,22852.014,87.9,"iona"
"707",2023-06-29,22661.3,87.2,"iona"
"708",2023-06-30,22556.843,86.8,"iona"
"709",2023-07-01,22518.23,86.6,"iona"
"710",2023-07-02,22423.132,86.2,"iona"
"711",2023-07-03,22186.156,85.3,"iona"
"712",2023-07-04,21998.534,84.6,"iona"
"713",2023-07-05,21984.395,84.6,"iona"
"714",2023-07-06,21973.841,84.5,"iona"
"715",2023-07-07,22034.604,84.7,"iona"
"716",2023-07-08,22083.381,84.9,"iona"
"717",2023-07-09,22186.517,85.3,"iona"
"718",2023-07-10,22244.781,85.6,"iona"
"719",2023-07-11,22321.654,85.9,"iona"
"720",2023-07-12,22370.958,86,"iona"
"721",2023-07-13,22356.41,86,"iona"
"722",2023-07-14,22373.937,86.1,"iona"
"723",2023-07-15,22417.342,86.2,"iona"
"724",2023-07-16,22349.915,86,"iona"
"725",2023-07-17,22215.074,85.4,"iona"
"726",2023-07-18,22022.478,84.7,"iona"
"727",2023-07-19,21750.906,83.7,"iona"
"728",2023-07-20,21438.348,82.5,"iona"
"729",2023-07-21,21220.631,81.6,"iona"
"730",2023-07-22,21153.941,81.4,"iona"
